product_id,color,product_type,price,material,pattern,season,price_range
PID00001,black,coat,12329,polyester,solid,winter,10000-18000
PID00002,red,coat,15299,Compound,solid,spring,10000-18000
PID00003,black,coat,13094,polyester,solid,spring,10000-18000
PID00004,blue,coat,11369,nylon,solid,spring,10000-18000
PID00005,black,coat,10943,polyester,solid,spring,10000-18000
PID00006,black,coat,16263,polyester_100,solid,winter,10000-18000
PID00007,black,coat,17711,polyamide_100,solid,spring,10000-18000
PID00008,pink,coat,15225,polyester,floral,spring,10000-18000
PID00009,white,coat,10348,polyester,graphic_print,spring,10000-18000
PID00010,black,coat,11867,polyester,floral,spring,10000-18000
PID00011,green,coat,13422,polyester,animal,winter,10000-18000
PID00012,black,coat,10177,polyester,solid,spring,10000-18000
PID00013,cream,coat,14898,wool,solid,winter,10000-18000
PID00014,grey,coat,14030,polyester,solid,winter,10000-18000
PID00015,beige,coat,15664,wool,solid,winter,10000-18000
PID00016,beige,coat,13043,viscose_100,solid,spring,10000-18000
PID00017,black,coat,10363,lather,solid,winter,10000-18000
PID00018,black,coat,10275,polyester,solid,winter,10000-18000
PID00019,black,coat,10441,polyester,solid,winter,10000-18000
PID00020,grey,coat,13610,polyester,marble,winter,10000-18000
PID00021,black,coat,12336,polyester,two_tone,winter,10000-18000
PID00022,beige,coat,14760,polyester,color_block,winter,10000-18000
PID00023,pink,coat,13152,polyester,solid,winter,10000-18000
PID00024,green,coat,16487,polyester,solid,winter,10000-18000
PID00025,black,coat,17537,polyester,solid,winter,10000-18000
PID00026,black,coat,11685,polyester,solid,winter,10000-18000
PID00027,blue,coat,11134,polyester,solid,winter,10000-18000
PID00028,red,coat,17679,polyester,solid,winter,10000-18000
PID00029,purple,coat,15260,tweed,marled,winter,10000-18000
PID00030,black,coat,12123,wool,solid,spring,10000-18000
PID00031,black,coat,12301,wool,plaid,spring,10000-18000
PID00032,black,coat,12903,wool_blend,marled,spring,10000-18000
PID00033,black,coat,14803,polyester,solid,spring,10000-18000
PID00034,brown,coat,11164,cotton_100,solid,winter,10000-18000
PID00035,black,coat,11780,wool,solid,spring,10000-18000
PID00036,black,coat,11855,wool,solid,spring,10000-18000
PID00037,black,coat,12138,polyester,solid,spring,10000-18000
PID00038,beige,coat,11205,cotton,solid,winter,10000-18000
PID00039,brown,coat,17266,wool_blend,plaid,winter,10000-18000
PID00040,black,coat,13448,polyester,animal,summer,10000-18000
PID00041,green,coat,17398,wool,solid,autumn,10000-18000
PID00042,black,coat,13230,wool,stripe,spring,10000-18000
PID00043,brown,coat,15761,lather,solid,spring,10000-18000
PID00044,black,coat,15755,nylon,solid,winter,10000-18000
PID00045,black,coat,14504,polyester,solid,spring,10000-18000
PID00046,black,coat,13499,polyester,solid,spring,10000-18000
PID00047,green,coat,13075,polyester,solid,spring,10000-18000
PID00048,black,coat,10707,polyester,solid,spring,10000-18000
PID00049,brown,coat,11410,leather,solid,spring,10000-18000
PID00050,black,coat,12902,down,solid,summer,10000-18000
PID00051,black,coat,13854,polyester,solid,spring,10000-18000
PID00052,blue,coat,14712,polyamide,color_block,winter,10000-18000
PID00053,black,coat,15590,polyester,logo_print,winter,10000-18000
PID00054,brown,coat,11363,wool,solid,spring,10000-18000
PID00055,black,coat,16726,polyester,solid,winter,10000-18000
PID00056,black,coat,14836,polyester_100,solid,winter,10000-18000
PID00057,black,coat,15020,faux_fur,solid,winter,10000-18000
PID00058,black,coat,11878,faux_fur,solid,winter,10000-18000
PID00059,black,coat,12852,faux_fur,solid,winter,10000-18000
PID00060,black,coat,10917,polyamide,solid,winter,10000-18000
PID00061,black,coat,17078,faux_fur,solid,winter,10000-18000
PID00062,black,coat,16364,polyester,solid,winter,10000-18000
PID00063,beige,coat,11965,fleece,solid,winter,10000-18000
PID00064,black,coat,10482,polyester,solid,winter,10000-18000
PID00065,black,coat,11788,faux_fur,solid,winter,10000-18000
PID00066,black,coat,12110,fleece,solid,winter,10000-18000
PID00067,green,coat,10819,polyester,solid,winter,10000-18000
PID00068,black,coat,12904,faux_fur,solid,winter,10000-18000
PID00069,black,coat,13933,polyester,stripe,winter,10000-18000
PID00070,blue,coat,10997,polyester,solid,winter,10000-18000
PID00071,blue,coat,15747,polyester,solid,winter,10000-18000
PID00072,multi_color,coat,13306,polyester,solid,winter,10000-18000
PID00073,black,coat,16628,polyester,solid,winter,10000-18000
PID00074,black,coat,10693,polyester,acid_wash,winter,10000-18000
PID00075,cream,coat,13603,polyester,solid,winter,10000-18000
PID00076,black,coat,15241,polyester,color_block,winter,10000-18000
PID00077,black,coat,13450,polyamide_100,solid,winter,10000-18000
PID00078,black,coat,13716,polyamide_100,solid,winter,10000-18000
PID00079,blue,coat,14214,polyamide_100,solid,winter,10000-18000
PID00080,black,coat,12961,polyamide,solid,winter,10000-18000
PID00081,white,coat,15471,polyester,solid,winter,10000-18000
PID00082,green,coat,13947,polyester,solid,spring,10000-18000
PID00083,blue,coat,11628,polyester,solid,spring,10000-18000
PID00084,red,coat,10410,polyamide_100,solid,winter,10000-18000
PID00085,blue,coat,11748,polyamide_100,solid,summer,10000-18000
PID00086,black,coat,17181,polyamide_100,solid,winter,10000-18000
PID00087,black,coat,10180,polyamide_100,solid,winter,10000-18000
PID00088,red,coat,15220,polyamide_100,solid,winter,10000-18000
PID00089,grey,coat,11316,cotton_100,solid,winter,10000-18000
PID00090,black,coat,16329,polyamide_100,solid,winter,10000-18000
PID00091,black,coat,12048,leather,solid,winter,10000-18000
PID00092,black,coat,12700,wool,plaid,winter,10000-18000
PID00093,black,coat,10611,polyamide,solid,winter,10000-18000
PID00094,black,coat,13028,polyamide_100,solid,winter,10000-18000
PID00095,brown,coat,17112,polyester,solid,winter,10000-18000
PID00096,grey,coat,10100,virgin_wool,plaid,summer,10000-18000
PID00097,blue,coat,16000,fleece,acid_wash,spring,10000-18000
PID00098,black,coat,17204,cotton_100,solid,winter,10000-18000
PID00099,black,coat,12763,cotton,solid,winter,10000-18000
PID00100,beige,coat,14905,cotton_blend,houndstooth,spring,10000-18000
PID00101,beige,coat,10975,polyamide,houndstooth,winter,10000-18000
PID00102,cream,coat,11612,cotton,solid,winter,10000-18000
PID00103,grey,coat,15980,cotton_blend,houndstooth,spring,10000-18000
PID00104,black,coat,11686,cotton_blend,ribbed,winter,10000-18000
PID00105,black,coat,12803,wool,solid,spring,10000-18000
PID00106,black,coat,12634,polyamide_100,solid,winter,10000-18000
PID00107,black,coat,10410,polyester_100,solid,winter,10000-18000
PID00108,black,coat,11917,polyamide_100,solid,spring,10000-18000
PID00109,black,coat,15716,polyamide,solid,winter,10000-18000
PID00110,red,coat,12368,polyamide,solid,winter,10000-18000
PID00111,black,coat,14170,down,all_over_print,summer,10000-18000
PID00112,black,coat,14114,viscose,stripe,winter,10000-18000
PID00113,green,coat,17607,fleece,solid,winter,10000-18000
PID00114,green,coat,10862,fleece,solid,winter,10000-18000
PID00115,green,coat,16376,polyamide,color_block,winter,10000-18000
PID00116,green,coat,10054,polyamide,color_block,winter,10000-18000
PID00117,black,coat,11574,polyamide,color_block,winter,10000-18000
PID00118,green,coat,17480,polyamide,solid,winter,10000-18000
PID00119,green,coat,11340,polyester,solid,winter,10000-18000
PID00120,blue,coat,15622,faux_fur,solid,winter,10000-18000
PID00121,pink,coat,16537,polyester,solid,spring,10000-18000
PID00122,blue,coat,17739,polyester,solid,spring,10000-18000
PID00123,blue,coat,16589,cotton,solid,spring,10000-18000
PID00124,blue,coat,15581,cotton,solid,winter,10000-18000
PID00125,green,coat,10400,cotton,solid,winter,10000-18000
PID00126,black,coat,15866,cotton,solid,winter,10000-18000
PID00127,pink,coat,17428,polyester,solid,winter,10000-18000
PID00128,black,coat,10902,faux_fur,solid,spring,10000-18000
PID00129,blue,coat,13371,faux_fur,solid,winter,10000-18000
PID00130,grey,coat,10405,jacquard,solid,spring,10000-18000
PID00131,black,coat,10567,polyester,cable_knit,winter,10000-18000
PID00132,blue,coat,10964,polyester,plaid,winter,10000-18000
PID00133,brown,coat,17045,polyester,plaid,winter,10000-18000
PID00134,blue,coat,11268,cotton,patchwork,spring,10000-18000
PID00135,black,coat,11889,lather,Houndstooth,winter,10000-18000
PID00136,black,coat,12612,polyamide,cable_knit,winter,10000-18000
PID00137,black,coat,14746,faux_fur,solid,winter,10000-18000
PID00138,brown,coat,11917,faux_fur,solid,winter,10000-18000
PID00139,blue,coat,14300,polyester,plaid,winter,10000-18000
PID00140,black,coat,15250,polyester,plaid,winter,10000-18000
PID00141,green,coat,16315,polyester,solid,autumn,10000-18000
PID00142,green,coat,15916,cotton,floral,winter,10000-18000
PID00143,black,coat,17296,polyamide,plaid,autumn,10000-18000
PID00144,black,coat,14912,polyester,floral,autumn,10000-18000
PID00145,black,coat,12524,polyamide,plaid,autumn,10000-18000
PID00146,blue,coat,14876,polyamide,solid,spring,10000-18000
PID00147,blue,coat,17166,polyester,solid,autumn,10000-18000
PID00148,brown,coat,13373,polyester_100,plaid,autumn,10000-18000
PID00149,black,coat,15918,polyester,solid,autumn,10000-18000
PID00150,green,coat,10590,polyester,solid,autumn,10000-18000
PID00151,brown,coat,17311,polyester,solid,autumn,10000-18000
PID00152,black,coat,12598,polyester,solid,summer,10000-18000
PID00153,blue,coat,13988,nylon,solid,autumn,10000-18000
PID00154,blue,coat,11883,nylon,solid,autumn,10000-18000
PID00155,black,coat,17700,cotton,solid,autumn,10000-18000
PID00156,black,coat,17886,faux_fur,solid,autumn,10000-18000
PID00157,black,coat,16362,faux_fur,solid,autumn,10000-18000
PID00158,black,coat,13726,polyester,solid,spring,10000-18000
PID00159,green,coat,12902,polyester,solid,summer,10000-18000
PID00160,grey,coat,15206,polamide,solid,summer,10000-18000
PID00161,beige,coat,16021,lycra,solid,autumn,10000-18000
PID00162,black,coat,13937,lycra,solid,autumn,10000-18000
PID00163,green,coat,16661,lycra,solid,autumn,10000-18000
PID00164,orange,coat,17856,lycra,solid,autumn,10000-18000
PID00165,blue,coat,15074,lycra,solid,autumn,10000-18000
PID00166,grey,coat,14806,lycra,solid,autumn,10000-18000
PID00167,brown,coat,17565,polyester,all_over_print,autumn,10000-18000
PID00168,cream,coat,12604,polyester,solid,summer,10000-18000
PID00169,black,coat,13657,fleece,solid,autumn,10000-18000
PID00170,grey,coat,10454,polyamide,animal,autumn,10000-18000
PID00171,purple,coat,17202,polyamide,solid,spring,10000-18000
PID00172,grey,coat,11995,fleece,cable_knit,autumn,10000-18000
PID00173,black,coat,13023,fleece,cable_knit,autumn,10000-18000
PID00174,green,coat,12413,polyester,solid,autumn,10000-18000
PID00175,black,coat,16934,polyester,solid,autumn,10000-18000
PID00176,black,coat,13369,fleece,chevron,summer,10000-18000
PID00177,black,coat,17539,polyamide,solid,summer,10000-18000
PID00178,pink,coat,13204,polyamide,solid,winter,10000-18000
PID00179,blue,coat,11439,fleece,cable_knit,winter,10000-18000
PID00180,black,coat,13420,fleece,cable_knit,winter,10000-18000
PID00181,black,coat,17600,polyamide,chevron,summer,10000-18000
PID00182,brown,coat,13192,polyester,solid,summer,10000-18000
PID00183,green,coat,10324,cotton,solid,autumn,10000-18000
PID00184,black,coat,16619,cotton,solid,autumn,10000-18000
PID00185,black,coat,10767,nylon,solid,autumn,10000-18000
PID00186,black,coat,10303,polyester,chevron,autumn,10000-18000
PID00187,green,coat,10544,polyester_100,chevron,autumn,10000-18000
PID00188,black,coat,17938,polyester,solid,autumn,10000-18000
PID00189,green,coat,13275,polyester_mostly,solid,autumn,10000-18000
PID00190,green,coat,13558,polyester,chevron,summer,10000-18000
PID00191,black,coat,15564,polyester,chevron,autumn,10000-18000
PID00192,black,coat,14668,polyester_100,two_tone,summer,10000-18000
PID00193,orange,coat,13892,polyamide,chevron,summer,10000-18000
PID00194,red,coat,17590,polyamide,chevron,summer,10000-18000
PID00195,black,coat,13294,polyamide,chevron,summer,10000-18000
PID00196,brown,coat,17263,polyamide,chevron,autumn,10000-18000
PID00197,blue,coat,17791,polyamide,chevron,autumn,10000-18000
PID00198,black,coat,11051,polyamide,chevron,autumn,10000-18000
PID00199,blue,coat,12465,faux_fur,chevron,autumn,10000-18000
PID00200,black,coat,16677,polyamide,solid,autumn,10000-18000
PID00201,multi_color,coat,17377,polyester,solid,autumn,10000-18000
PID00202,black,coat,16251,polyester,solid,autumn,10000-18000
PID00203,black,coat,15333,faux_fur,solid,autumn,10000-18000
PID00204,multi_color,coat,13280,faux_fur,solid,autumn,10000-18000
PID00205,beige,coat,16914,polyester,solid,autumn,10000-18000
PID00206,black,coat,13364,polyester_100,solid,autumn,10000-18000
PID00207,black,coat,15324,polyester_mostly,solid,autumn,10000-18000
PID00208,green,coat,12736,polyester_mostly,solid,autumn,10000-18000
PID00209,beige,coat,10702,faux_fur,chevron,autumn,10000-18000
PID00210,black,coat,12693,jacquard,chevron,summer,10000-18000
PID00211,black,coat,14646,polyamide,chevron,autumn,10000-18000
PID00212,black,coat,14998,fleece,chevron,autumn,10000-18000
PID00213,beige,coat,13465,polyamide,chevron,autumn,10000-18000
PID00214,yellow,coat,13615,polyamide,chevron,autumn,10000-18000
PID00215,grey,coat,12350,polyamide,chevron,autumn,10000-18000
PID00216,beige,coat,10325,polyester,chevron,autumn,10000-18000
PID00217,pink,coat,12556,faux_fur,chevron,autumn,10000-18000
PID00218,brown,coat,10835,fleece,cable_knit,autumn,10000-18000
PID00219,black,coat,10870,polyester,chevron,autumn,10000-18000
PID00220,green,coat,17230,polyamide,chevron,autumn,10000-18000
PID00221,pink,coat,13847,polyester,chevron,autumn,10000-18000
PID00222,cream,coat,15138,fleece,chevron,autumn,10000-18000
PID00223,black,coat,11874,polyester,chevron,autumn,10000-18000
PID00224,black,coat,12171,polyamide,color_block,autumn,10000-18000
PID00225,black,coat,10982,polyamide,chevron,autumn,10000-18000
PID00226,grey,coat,17929,polyamide,chevron,autumn,10000-18000
PID00227,black,coat,10950,nylon,chevron,autumn,10000-18000
PID00228,black,coat,13162,polyamide,chevron,autumn,10000-18000
PID00229,black,coat,11441,polyamide,chevron,autumn,10000-18000
PID00230,black,coat,12743,nylon,chevron,summer,10000-18000
PID00231,black,coat,16272,faux_fur,chevron,autumn,10000-18000
PID00232,black,coat,13450,puffer,chevron,autumn,10000-18000
PID00233,black,coat,10824,barn,chevron,autumn,10000-18000
PID00234,black,coat,15457,puffer,chevron,autumn,10000-18000
PID00235,beige,coat,15665,puffer,chevron,summer,10000-18000
PID00236,black,coat,17085,puffer,chevron,autumn,10000-18000
PID00237,beige,coat,11721,barn,chevron,autumn,10000-18000
PID00238,beige,coat,13879,barn,chevron,autumn,10000-18000
PID00239,black,coat,15734,barn,chevron,autumn,10000-18000
PID00240,red,coat,11179,barn,chevron,autumn,10000-18000
PID00241,black,coat,16317,barn,chevron,autumn,10000-18000
PID00242,grey,coat,14458,barn,chevron,autumn,10000-18000
PID00243,blue,coat,15685,puffer,chevron,autumn,10000-18000
PID00244,black,coat,13499,puffer,chevron,autumn,10000-18000
PID00245,green,coat,13166,puffer,chevron,summer,10000-18000
PID00246,black,coat,13296,puffer,solid,winter,10000-18000
PID00247,black,coat,16324,parka,solid,winter,10000-18000
PID00248,cream,coat,14177,parka,solid,summer,10000-18000
PID00249,black,coat,17644,puffer,chevron,summer,10000-18000
PID00250,black,coat,10526,puffer,chevron,summer,10000-18000
PID00251,white,coat,14790,parka,solid,summer,10000-18000
PID00252,black,coat,12422,parka,solid,winter,10000-18000
PID00253,black,coat,16651,barn,solid,winter,10000-18000
PID00254,pink,coat,17230,trench,plaid,summer,10000-18000
PID00255,blue,coat,12587,parka,cable_knit,winter,10000-18000
PID00256,green,coat,17705,parka,cable_knit,winter,10000-18000
PID00257,grey,coat,12774,parka,houndstooth,winter,10000-18000
PID00258,beige,coat,10138,cocoon,cable_knit,winter,10000-18000
PID00259,grey,coat,15511,peacoat,ribbed,winter,10000-18000
PID00260,grey,coat,12315,puffer,houndstooth,winter,10000-18000
PID00261,black,coat,10670,cocoon,cable_knit,winter,10000-18000
PID00262,beige,coat,12239,trench,solid,winter,10000-18000
PID00263,black,coat,15100,peacoat,cable_knit,winter,10000-18000
PID00264,brown,coat,17777,cocoon,ribbed,winter,10000-18000
PID00265,cream,coat,12873,cocoon,cable_knit,winter,10000-18000
PID00266,beige,coat,17133,parka,cable_knit,winter,10000-18000
PID00267,black,coat,13563,peacoat,cable_knit,winter,10000-18000
PID00268,grey,coat,10763,faux_fur_coat,plaid,winter,10000-18000
PID00269,beige,coat,13177,puffer,cable_knit,winter,10000-18000
PID00270,beige,coat,12388,overcoat,ribbed,winter,10000-18000
PID00271,grey,coat,15700,peacoat,solid,winter,10000-18000
PID00272,blue,coat,16840,trench,solid,winter,10000-18000
PID00273,blue,coat,13603,faux_fur_coat,ribbed,winter,10000-18000
PID00274,grey,coat,11862,trench,solid,winter,10000-18000
PID00275,beige,coat,14868,trench,houndstooth,winter,10000-18000
PID00276,blue,coat,10858,puffer,solid,winter,10000-18000
PID00277,beige,coat,16803,puffer,solid,winter,10000-18000
PID00278,blue,coat,15924,parka,plaid,winter,10000-18000
PID00279,beige,coat,17345,overcoat,ribbed,winter,10000-18000
PID00280,pink,coat,11974,trench,plaid,winter,10000-18000
PID00281,blue,coat,15057,peacoat,plaid,winter,10000-18000
PID00282,brown,coat,14544,overcoat,solid,winter,10000-18000
PID00283,pink,coat,12096,faux_fur_coat,houndstooth,winter,10000-18000
PID00284,brown,coat,12036,overcoat,houndstooth,winter,10000-18000
PID00285,brown,coat,10036,overcoat,solid,winter,10000-18000
PID00286,beige,coat,15006,faux_fur_coat,cable_knit,winter,10000-18000
PID00287,grey,coat,14038,puffer,cable_knit,winter,10000-18000
PID00288,beige,coat,10162,trench,ribbed,winter,10000-18000
PID00289,pink,coat,16225,parka,plaid,winter,10000-18000
PID00290,grey,coat,14083,cocoon,houndstooth,winter,10000-18000
PID00291,grey,coat,12292,trench,solid,winter,10000-18000
PID00292,beige,coat,16402,puffer,ribbed,winter,10000-18000
PID00293,brown,coat,14401,puffer,solid,winter,10000-18000
PID00294,pink,coat,11111,overcoat,solid,winter,10000-18000
PID00295,blue,coat,13884,peacoat,houndstooth,winter,10000-18000
PID00296,cream,coat,13017,trench,solid,winter,10000-18000
PID00297,beige,coat,13741,parka,houndstooth,winter,10000-18000
PID00298,brown,coat,10078,overcoat,cable_knit,winter,10000-18000
PID00299,beige,coat,17874,trench,solid,winter,10000-18000
PID00300,black,coat,16411,overcoat,cable_knit,winter,10000-18000
PID00301,black,jacket,9189,polyamide,solid,winter,8020-10470
PID00302,black,jacket,9708,cotton,solid,spring,8020-10470
PID00303,black,jacket,10340,polyester_100,solid,spring,8020-10470
PID00304,black,jacket,9766,polyester_100,two_tone,spring,8020-10470
PID00305,black,jacket,8877,cotton,solid,spring,8020-10470
PID00306,grey,jacket,10145,polyester,logo_print,spring,8020-10470
PID00307,blue,jacket,10034,polyester,logo_print,spring,8020-10470
PID00308,black,jacket,9928,polyester,logo_print,spring,8020-10470
PID00309,black,jacket,10109,polyester,solid,spring,8020-10470
PID00310,black,jacket,10341,cotton,logo_print,spring,8020-10470
PID00311,black,jacket,8488,polyester,solid,spring,8020-10470
PID00312,black,jacket,8265,cotton,logo_print,spring,8020-10470
PID00313,white,jacket,9859,nylon,solid,spring,8020-10470
PID00314,white,jacket,9110,nylon,solid,spring,8020-10470
PID00315,black,jacket,9485,cotton,solid,spring,8020-10470
PID00316,grey,jacket,9412,polyester,solid,spring,8020-10470
PID00317,grey,jacket,9691,cotton,solid,spring,8020-10470
PID00318,black,jacket,9695,fleece,solid,spring,8020-10470
PID00319,brown,jacket,10414,cotton,solid,winter,8020-10470
PID00320,yellow,jacket,8722,cotton_100,solid,spring,8020-10470
PID00321,pink,jacket,9995,polyester,solid,winter,8020-10470
PID00322,white,jacket,8929,polyester,solid,winter,8020-10470
PID00323,blue,jacket,9493,polyester,stripe,spring,8020-10470
PID00324,pink,jacket,8301,cotton,floral,spring,8020-10470
PID00325,red,jacket,9388,cotton,solid,spring,8020-10470
PID00326,grey,jacket,9963,cotton,solid,autumn,8020-10470
PID00327,red,jacket,9075,cotton,solid,spring,8020-10470
PID00328,green,jacket,10188,nylon,solid,spring,8020-10470
PID00329,black,jacket,8327,linen,solid,summer,8020-10470
PID00330,blue,jacket,9347,cotton,solid,spring,8020-10470
PID00331,pink,jacket,10430,wool,solid,spring,8020-10470
PID00332,blue,jacket,9695,wool,acid_wash,spring,8020-10470
PID00333,blue,jacket,9924,cotton,solid,autumn,8020-10470
PID00334,blue,jacket,9264,cotton,solid,winter,8020-10470
PID00335,blue,jacket,8850,cotton_100,patchwork,spring,8020-10470
PID00336,green,jacket,9946,cotton,solid,spring,8020-10470
PID00337,blue,jacket,9571,polyamide,patchwork,winter,8020-10470
PID00338,brown,jacket,10009,cotton_100,solid,autumn,8020-10470
PID00339,blue,jacket,10265,cotton,solid,autumn,8020-10470
PID00340,yellow,jacket,8339,polyester,two_tone,spring,8020-10470
PID00341,black,jacket,8650,polyester,graphic_print,spring,8020-10470
PID00342,yellow,jacket,8475,polyester,two_tone,spring,8020-10470
PID00343,blue,jacket,8851,denim,denim,winter,8020-10470
PID00344,black,jacket,10162,lather,solid,winter,8020-10470
PID00345,black,jacket,8679,polyester_100,solid,winter,8020-10470
PID00346,black,jacket,8036,polyester_100,solid,winter,8020-10470
PID00347,black,jacket,8263,fleece,solid,winter,8020-10470
PID00348,grey,jacket,9404,fleece,solid,winter,8020-10470
PID00349,black,jacket,9019,fleece,solid,winter,8020-10470
PID00350,black,jacket,9428,fleece,solid,winter,8020-10470
PID00351,pink,jacket,8787,linen,acid_wash,summer,8020-10470
PID00352,blue,jacket,10054,elastane,acid_wash,summer,8020-10470
PID00353,green,jacket,8395,linen,acid_wash,summer,8020-10470
PID00354,black,jacket,10081,satin,solid,winter,8020-10470
PID00355,red,jacket,10190,wool,solid,winter,8020-10470
PID00356,green,jacket,10007,tweed,marled,winter,8020-10470
PID00357,black,jacket,8753,wool,solid,spring,8020-10470
PID00358,pink,jacket,8309,polyamide,solid,spring,8020-10470
PID00359,black,jacket,8547,wool,solid,winter,8020-10470
PID00360,blue,jacket,9447,cotton,logo_print,winter,8020-10470
PID00361,black,jacket,10216,polyester,solid,winter,8020-10470
PID00362,black,jacket,9165,lather,solid,winter,8020-10470
PID00363,green,jacket,9058,lather,solid,winter,8020-10470
PID00364,black,jacket,9621,leather,solid,winter,8020-10470
PID00365,black,jacket,9579,lather,solid,winter,8020-10470
PID00366,black,jacket,9725,lather,solid,winter,8020-10470
PID00367,white,jacket,10398,lather,solid,winter,8020-10470
PID00368,white,jacket,9723,cotton_blend,solid,spring,8020-10470
PID00369,black,jacket,9713,cotton_blend,solid,spring,8020-10470
PID00370,orange,jacket,8569,cotton_blend,solid,winter,8020-10470
PID00371,brown,jacket,9934,cotton_blend,solid,winter,8020-10470
PID00372,beige,jacket,10411,cotton,solid,winter,8020-10470
PID00373,black,jacket,8132,polyester,animal,winter,8020-10470
PID00374,black,jacket,10099,lather,solid,spring,8020-10470
PID00375,green,jacket,10249,cotton,solid,winter,8020-10470
PID00376,black,jacket,9024,cotton,solid,winter,8020-10470
PID00377,black,jacket,9612,lather,solid,winter,8020-10470
PID00378,beige,jacket,8422,lather,solid,winter,8020-10470
PID00379,brown,jacket,8902,cotton,animal,spring,8020-10470
PID00380,black,jacket,8434,polyester,solid,winter,8020-10470
PID00381,grey,jacket,9414,lather,solid,spring,8020-10470
PID00382,black,jacket,10257,cotton,solid,spring,8020-10470
PID00383,black,jacket,8205,polyamide,solid,winter,8020-10470
PID00384,red,jacket,9991,leather,solid,winter,8020-10470
PID00385,brown,jacket,9253,leather,solid,spring,8020-10470
PID00386,green,jacket,8386,wool,plaid,spring,8020-10470
PID00387,blue,jacket,8283,polyester,solid,spring,8020-10470
PID00388,black,jacket,9926,cotton,solid,spring,8020-10470
PID00389,black,jacket,9855,polyester,stripe,winter,8020-10470
PID00390,black,jacket,9774,lather,stripe,spring,8020-10470
PID00391,black,jacket,8270,satin,solid,winter,8020-10470
PID00392,blue,jacket,8418,polyester_100,logo_print,spring,8020-10470
PID00393,black,jacket,8959,polyester_100,logo_print,spring,8020-10470
PID00394,black,jacket,9230,polyester_100,logo_print,spring,8020-10470
PID00395,green,jacket,8793,cotton,solid,spring,8020-10470
PID00396,black,jacket,9427,nylon_100,color_block,winter,8020-10470
PID00397,blue,jacket,9215,nylon_100,color_block,winter,8020-10470
PID00398,black,jacket,8648,nylon_100,solid,spring,8020-10470
PID00399,orange,jacket,10376,polyester,solid,spring,8020-10470
PID00400,black,jacket,9654,fleece,solid,winter,8020-10470
PID00401,blue,jacket,9031,polyamide,ribbed,spring,8020-10470
PID00402,black,jacket,9775,fleece,solid,winter,8020-10470
PID00403,black,jacket,8821,fleece,solid,winter,8020-10470
PID00404,black,jacket,10234,polyester,solid,winter,8020-10470
PID00405,green,jacket,8619,nylon,color_block,winter,8020-10470
PID00406,black,jacket,10407,polyester,solid,winter,8020-10470
PID00407,yellow,jacket,8944,polyester,abstract,winter,8020-10470
PID00408,black,jacket,8171,polyester,solid,winter,8020-10470
PID00409,black,jacket,8996,polyester,two_tone,winter,8020-10470
PID00410,black,jacket,8574,leather,solid,winter,8020-10470
PID00411,green,jacket,9127,leather,solid,winter,8020-10470
PID00412,blue,jacket,8036,polyester,plaid,autumn,8020-10470
PID00413,black,jacket,9251,cotton,graphic_print,winter,8020-10470
PID00414,black,jacket,9293,viscose,solid,winter,8020-10470
PID00415,grey,jacket,9153,polyamide,solid,winter,8020-10470
PID00416,multi_color,jacket,10284,fleece,graphic_print,winter,8020-10470
PID00417,black,jacket,8247,viscose,graphic_print,winter,8020-10470
PID00418,blue,jacket,9312,cotton,logo_print,winter,8020-10470
PID00419,blue,jacket,9293,cotton,logo_print,autumn,8020-10470
PID00420,blue,jacket,10096,cotton_100,solid,winter,8020-10470
PID00421,black,jacket,9863,wool_blend,tie_dry,summer,8020-10470
PID00422,black,jacket,9515,leather,logo_print,winter,8020-10470
PID00423,blue,jacket,9307,cotton_100,plaid,spring,8020-10470
PID00424,black,jacket,10265,nylon,solid,winter,8020-10470
PID00425,black,jacket,10031,wool,solid,winter,8020-10470
PID00426,green,jacket,8980,cotton,plaid,autumn,8020-10470
PID00427,cream,jacket,8872,fleece,plaid,winter,8020-10470
PID00428,black,jacket,8280,wool,ribbed,winter,8020-10470
PID00429,black,jacket,8649,wool,solid,winter,8020-10470
PID00430,black,jacket,9513,polyester,solid,winter,8020-10470
PID00431,black,jacket,8961,faux_fur,solid,winter,8020-10470
PID00432,black,jacket,8737,polyester,solid,winter,8020-10470
PID00433,black,jacket,8813,cotton,solid,spring,8020-10470
PID00434,blue,jacket,9382,polyester,solid,autumn,8020-10470
PID00435,blue,jacket,9116,corduroy,solid,autumn,8020-10470
PID00436,blue,jacket,9017,cotton_mostly,patchwork,winter,8020-10470
PID00437,pink,jacket,8664,cotton,animal,winter,8020-10470
PID00438,blue,jacket,9293,polyamide_mostly,solid,spring,8020-10470
PID00439,black,jacket,9404,polyester,solid,spring,8020-10470
PID00440,grey,jacket,10303,cotton,solid,spring,8020-10470
PID00441,purple,jacket,9898,polyester,solid,spring,8020-10470
PID00442,cream,jacket,8715,cotton,solid,spring,8020-10470
PID00443,blue,jacket,9413,cotton,solid,spring,8020-10470
PID00444,cream,jacket,10337,polyester,solid,spring,8020-10470
PID00445,white,jacket,10359,polyester_100,solid,spring,8020-10470
PID00446,black,jacket,10464,polyester,solid,spring,8020-10470
PID00447,black,jacket,10191,polyester,solid,spring,8020-10470
PID00448,blue,jacket,9729,cotton,acid_wash,spring,8020-10470
PID00449,multi_color,jacket,8634,wool,plaid,spring,8020-10470
PID00450,beige,jacket,10404,cotton,solid,spring,8020-10470
PID00451,blue,jacket,8859,cotton,solid,spring,8020-10470
PID00452,grey,jacket,8434,polyester,solid,spring,8020-10470
PID00453,black,jacket,10102,polyester,solid,spring,8020-10470
PID00454,beige,jacket,9586,wool,solid,spring,8020-10470
PID00455,blue,jacket,8188,cotton,solid,spring,8020-10470
PID00456,brown,jacket,9470,wool,solid,spring,8020-10470
PID00457,multi_color,jacket,9906,polyamide,multicolor,spring,8020-10470
PID00458,red,jacket,8965,linen,two_tone,spring,8020-10470
PID00459,white,jacket,9893,denim,denim,spring,8020-10470
PID00460,beige,jacket,9382,polyester,solid,spring,8020-10470
PID00461,black,jacket,8746,fleece,two_tone,spring,8020-10470
PID00462,black,jacket,9865,polyester,solid,spring,8020-10470
PID00463,blue,jacket,10345,polyamide,solid,spring,8020-10470
PID00464,pink,jacket,8305,polyester,solid,spring,8020-10470
PID00465,blue,jacket,8104,polyester,solid,spring,8020-10470
PID00466,white,jacket,9718,polyamide,solid,spring,8020-10470
PID00467,blue,jacket,8794,polyester,color_block,spring,8020-10470
PID00468,black,jacket,10011,polyester,solid,spring,8020-10470
PID00469,beige,jacket,9489,polyester,solid,spring,8020-10470
PID00470,blue,jacket,10400,cotton_100,acid_wash,spring,8020-10470
PID00471,black,jacket,10395,polyester,solid,spring,8020-10470
PID00472,black,jacket,9548,polyester_100,solid,spring,8020-10470
PID00473,black,jacket,9438,cotton,solid,spring,8020-10470
PID00474,blue,jacket,9693,linen,solid,spring,8020-10470
PID00475,blue,jacket,9927,cotton,solid,spring,8020-10470
PID00476,black,jacket,10344,polyester,solid,spring,8020-10470
PID00477,black,jacket,8937,nylon,solid,spring,8020-10470
PID00478,grey,jacket,10129,polyester,solid,spring,8020-10470
PID00479,blue,jacket,9728,cotton,plaid,spring,8020-10470
PID00480,grey,jacket,8538,nylon,solid,spring,8020-10470
PID00481,blue,jacket,9453,cotton_blend,solid,spring,8020-10470
PID00482,beige,jacket,9989,cotton_blend,solid,spring,8020-10470
PID00483,blue,jacket,10007,polyester,solid,spring,8020-10470
PID00484,grey,jacket,9727,denim,acid_wash,spring,8020-10470
PID00485,black,jacket,10364,polyester,solid,spring,8020-10470
PID00486,blue,jacket,9987,polyester,solid,spring,8020-10470
PID00487,blue,jacket,10230,cotton_100,solid,spring,8020-10470
PID00488,black,jacket,8103,polyamide_100,solid,spring,8020-10470
PID00489,black,jacket,9129,polyester,solid,spring,8020-10470
PID00490,black,jacket,10344,nylon,solid,spring,8020-10470
PID00491,blue,jacket,8926,polyester_100,solid,spring,8020-10470
PID00492,cream,jacket,9237,wool,solid,spring,8020-10470
PID00493,beige,jacket,10428,nylon,solid,spring,8020-10470
PID00494,black,jacket,9188,wool,solid,spring,8020-10470
PID00495,black,jacket,8027,polyester,solid,spring,8020-10470
PID00496,multi_color,jacket,8410,polyester,abstract,spring,8020-10470
PID00497,beige,jacket,8466,nylon_100,solid,spring,8020-10470
PID00498,blue,jacket,8414,nylon,solid,spring,8020-10470
PID00499,multi_color,jacket,9418,wool,abstract,spring,8020-10470
PID00500,cream,jacket,8295,cotton,logo_print,spring,8020-10470
PID00501,blue,jacket,9173,cotton_blend,solid,spring,8020-10470
PID00502,black,jacket,8724,cotton_blend,solid,spring,8020-10470
PID00503,grey,jacket,9926,cotton_blend,solid,spring,8020-10470
PID00504,grey,jacket,8529,polyester,abstract,spring,8020-10470
PID00505,white,jacket,9896,polyester,solid,spring,8020-10470
PID00506,blue,jacket,9360,polyester,solid,spring,8020-10470
PID00507,blue,jacket,9265,polyester,solid,spring,8020-10470
PID00508,beige,jacket,8360,polyester,solid,spring,8020-10470
PID00509,black,jacket,10099,elastane,stripe,spring,8020-10470
PID00510,black,jacket,10455,polyester,solid,spring,8020-10470
PID00511,black,jacket,8413,polyester,solid,spring,8020-10470
PID00512,black,jacket,10076,viscose,solid,spring,8020-10470
PID00513,black,jacket,9261,cotton,solid,spring,8020-10470
PID00514,black,jacket,8370,wool_mostly,solid,spring,8020-10470
PID00515,black,jacket,9392,viscose,solid,spring,8020-10470
PID00516,beige,jacket,8817,polyamide,houndstooth,spring,8020-10470
PID00517,blue,jacket,8198,cotton,solid,spring,8020-10470
PID00518,black,jacket,10234,cotton,solid,spring,8020-10470
PID00519,black,jacket,8893,polyester,stripe,spring,8020-10470
PID00520,black,jacket,10202,cotton,acid_wash,spring,8020-10470
PID00521,black,jacket,8445,viscose,acid_wash,spring,8020-10470
PID00522,black,jacket,8503,polyester,solid,spring,8020-10470
PID00523,black,jacket,9574,wool,solid,spring,8020-10470
PID00524,blue,jacket,9144,tweed,plaid,spring,8020-10470
PID00525,black,jacket,9389,elastane,plaid,spring,8020-10470
PID00526,black,jacket,9602,viscose,logo_print,spring,8020-10470
PID00527,black,jacket,10416,elastane,solid,spring,8020-10470
PID00528,blue,jacket,10289,cotton,acid_wash,spring,8020-10470
PID00529,black,jacket,10183,wool,solid,spring,8020-10470
PID00530,beige,jacket,8303,wool,solid,spring,8020-10470
PID00531,black,jacket,8928,polyester,color_block,spring,8020-10470
PID00532,beige,jacket,8706,wool,stripe,spring,8020-10470
PID00533,multi_color,jacket,10012,cotton,solid,spring,8020-10470
PID00534,pink,jacket,9278,wool,solid,spring,8020-10470
PID00535,black,jacket,9617,virgin_wool,solid,spring,8020-10470
PID00536,black,jacket,9189,polyester,color_block,spring,8020-10470
PID00537,black,jacket,8172,cotton,color_block,spring,8020-10470
PID00538,blue,jacket,8457,polyamide,solid,spring,8020-10470
PID00539,black,jacket,9829,cotton,solid,spring,8020-10470
PID00540,black,jacket,9007,cotton,solid,spring,8020-10470
PID00541,green,jacket,10151,corduroy,solid,spring,8020-10470
PID00542,blue,jacket,9199,corduroy,solid,spring,8020-10470
PID00543,green,jacket,8473,corduroy,solid,spring,8020-10470
PID00544,green,jacket,10086,corduroy,color_block,spring,8020-10470
PID00545,blue,jacket,9947,cotton,solid,spring,8020-10470
PID00546,cream,jacket,9708,cotton,stripe,spring,8020-10470
PID00547,black,jacket,8489,polyester,solid,spring,8020-10470
PID00548,blue,jacket,8291,cotton,solid,spring,8020-10470
PID00549,grey,jacket,9149,cotton,solid,spring,8020-10470
PID00550,cream,jacket,9907,cotton,solid,spring,8020-10470
PID00551,grey,jacket,8774,cotton,solid,spring,8020-10470
PID00552,blue,jacket,8808,cotton,solid,spring,8020-10470
PID00553,green,jacket,10296,cotton,solid,spring,8020-10470
PID00554,green,jacket,9316,cotton,solid,spring,8020-10470
PID00555,blue,jacket,10064,virgin_wool,solid,spring,8020-10470
PID00556,cream,jacket,9632,cotton,solid,spring,8020-10470
PID00557,blue,jacket,9556,cotton,solid,spring,8020-10470
PID00558,beige,jacket,9964,cotton,solid,spring,8020-10470
PID00559,beige,jacket,10319,cotton_100,solid,spring,8020-10470
PID00560,multi_color,jacket,8677,cotton,solid,spring,8020-10470
PID00561,blue,jacket,10367,denim,solid,spring,8020-10470
PID00562,cream,jacket,9562,cotton,solid,spring,8020-10470
PID00563,blue,jacket,9302,cotton,solid,spring,8020-10470
PID00564,blue,jacket,8389,polyester,plaid,spring,8020-10470
PID00565,beige,jacket,10012,cotton,plaid,spring,8020-10470
PID00566,beige,jacket,9643,cotton,plaid,spring,8020-10470
PID00567,brown,jacket,10099,corduroy,Houndstooth,spring,8020-10470
PID00568,black,jacket,10362,cotton,Houndstooth,spring,8020-10470
PID00569,red,jacket,10121,fleece,solid,spring,8020-10470
PID00570,blue,jacket,9892,fleece,solid,spring,8020-10470
PID00571,black,jacket,9162,fleece,solid,spring,8020-10470
PID00572,blue,jacket,9140,cotton,plaid,spring,8020-10470
PID00573,blue,jacket,8932,polyester,solid,spring,8020-10470
PID00574,yellow,jacket,8115,polyester,color_block,spring,8020-10470
PID00575,black,jacket,10178,cotton,color_block,spring,8020-10470
PID00576,black,jacket,9960,cotton,floral,spring,8020-10470
PID00577,black,jacket,9643,polyester,plaid,spring,8020-10470
PID00578,black,jacket,9475,polyester,solid,spring,8020-10470
PID00579,black,jacket,8887,polyester,solid,spring,8020-10470
PID00580,blue,jacket,9080,polyamide,solid,spring,8020-10470
PID00581,green,jacket,9465,polyamide,solid,spring,8020-10470
PID00582,black,jacket,8650,polyamide,solid,spring,8020-10470
PID00583,blue,jacket,8736,cotton,solid,spring,8020-10470
PID00584,black,jacket,9542,cotton,solid,spring,8020-10470
PID00585,grey,jacket,8899,cotton,solid,spring,8020-10470
PID00586,black,jacket,10123,cotton,solid,spring,8020-10470
PID00587,blue,jacket,9063,polyamide,solid,spring,8020-10470
PID00588,cream,jacket,9164,polyamide,solid,spring,8020-10470
PID00589,black,jacket,9107,linen,solid,spring,8020-10470
PID00590,white,jacket,9118,polyamide,solid,spring,8020-10470
PID00591,blue,jacket,10199,nylon,solid,spring,8020-10470
PID00592,black,jacket,9158,cotton,houndstooth,spring,8020-10470
PID00593,black,jacket,10238,cotton,houndstooth,spring,8020-10470
PID00594,brown,jacket,9387,cotton,animal,spring,8020-10470
PID00595,black,jacket,9320,cotton,solid,spring,8020-10470
PID00596,green,jacket,10353,cotton,solid,spring,8020-10470
PID00597,brown,jacket,8208,cotton,solid,spring,8020-10470
PID00598,orange,jacket,8474,faux_fur,solid,spring,8020-10470
PID00599,green,jacket,8785,fleece,solid,spring,8020-10470
PID00600,brown,jacket,10222,fleece,solid,spring,8020-10470
PID00601,pink,dresses,12769,polyester,plain,autumn,5230-13950
PID00602,black,dresses,8764,polyester,plain,autumn,5230-13950
PID00603,red,dresses,12589,satin,plain,autumn,5230-13950
PID00604,black,dresses,7307,satin,plain,winter,5230-13950
PID00605,pink,dresses,12590,polyester,plain,winter,5230-13950
PID00606,black,dresses,10911,polyester,plain,autumn,5230-13950
PID00607,pink,dresses,6004,polyester,plain,autumn,5230-13950
PID00608,black,dresses,9994,polyester,plain,winter,5230-13950
PID00609,white,dresses,11701,polyester,plain,winter,5230-13950
PID00610,pink,dresses,10970,polyester,plain,winter,5230-13950
PID00611,black,dresses,5843,satin,plain,autumn,5230-13950
PID00612,black,dresses,9851,polyester,plain,autumn,5230-13950
PID00613,white,dresses,5622,polyester,floral,autumn,5230-13950
PID00614,red,dresses,11648,polyester,floral,autumn,5230-13950
PID00615,white,dresses,8620,polyester,floral,spring,5230-13950
PID00616,pink,dresses,11596,soft_cotton_jersey,plain,autumn,5230-13950
PID00617,pink,dresses,12393,soft,plain,spring,5230-13950
PID00618,pink,dresses,5248,polyester,floral,spring,5230-13950
PID00619,white,dresses,12025,polyester,floral,spring,5230-13950
PID00620,white,dresses,12416,polyester,floral,spring,5230-13950
PID00621,red,dresses,6268,polyester,plain,autumn,5230-13950
PID00622,blue,dresses,12310,jersey,plain,autumn,5230-13950
PID00623,multi_colour,dresses,10859,polyester,floral,spring,5230-13950
PID00624,black,dresses,9052,cotton,plain,autumn,5230-13950
PID00625,multi_colour,dresses,7337,cotton,print,spring,5230-13950
PID00626,yellow,dresses,9214,lightweight_silk_crepe,checkerboard,winter,5230-13950
PID00627,black,dresses,11357,silk,polka_dot,spring,5230-13950
PID00628,red,dresses,10856,silk_100,animal,spring,5230-13950
PID00629,purple,dresses,9616,tweed,print,autumn,5230-13950
PID00630,black,dresses,10637,lace,plain,autumn,5230-13950
PID00631,grey,dresses,11267,cotton,plain,autumn,5230-13950
PID00632,white,dresses,13331,cotton,plain,spring,5230-13950
PID00633,yellow,dresses,5512,lace,plain,winter,5230-13950
PID00634,white,dresses,13202,polyamide,plain,spring,5230-13950
PID00635,white,dresses,9225,Cotton,plain,spring,5230-13950
PID00636,grey,dresses,12374,wool,plain,spring,5230-13950
PID00637,black,dresses,5312,cotton,plain,autumn,5230-13950
PID00638,black,dresses,12599,viscose,plain,autumn,5230-13950
PID00639,white,dresses,11360,cotton,plain,spring,5230-13950
PID00640,white,dresses,9933,polyamide,plain,spring,5230-13950
PID00641,white,dresses,12003,polyester,animal,spring,5230-13950
PID00642,green,dresses,12830,viscose,floral,spring,5230-13950
PID00643,white,dresses,7001,viscose,floral,spring,5230-13950
PID00644,white,dresses,6357,viscose,plain,spring,5230-13950
PID00645,green,dresses,9471,viscose,plain,winter,5230-13950
PID00646,white,dresses,5786,polyester,floral,spring,5230-13950
PID00647,orange,dresses,12184,polyester,plain,spring,5230-13950
PID00648,white,dresses,7004,polyester,print,spring,5230-13950
PID00649,white,dresses,9267,polyester,floral,spring,5230-13950
PID00650,grey,dresses,13178,nylon,geomatric,spring,5230-13950
PID00651,white,dresses,12514,nylon,plain,spring,5230-13950
PID00652,white,dresses,11013,viscose,animal,winter,5230-13950
PID00653,green,dresses,12981,viscose,geomatric,spring,5230-13950
PID00654,white,dresses,6397,silk,plain,spring,5230-13950
PID00655,green,dresses,7153,cotton,print,spring,5230-13950
PID00656,red,dresses,7465,polyester,plain,autumn,5230-13950
PID00657,black,dresses,7875,leather,plain,autumn,5230-13950
PID00658,white,dresses,9219,polyester,plain,spring,5230-13950
PID00659,orange,dresses,5457,leather,plain,winter,5230-13950
PID00660,grey,dresses,12832,polyester,metallic,autumn,5230-13950
PID00661,green,dresses,10814,polyester,metallic,autumn,5230-13950
PID00662,brown,dresses,9307,polyester,print,spring,5230-13950
PID00663,black,dresses,5812,polyester,animal,autumn,5230-13950
PID00664,white,dresses,8531,cotton,floral,autumn,5230-13950
PID00665,brown,dresses,7915,satin,print,spring,5230-13950
PID00666,white,dresses,13532,viscose,print,spring,5230-13950
PID00667,black,dresses,5243,polyester,animal,autumn,5230-13950
PID00668,green,dresses,10788,polyester,print,autumn,5230-13950
PID00669,white,dresses,7875,polyester,chevron,spring,5230-13950
PID00670,red,dresses,10848,leather,plain,autumn,5230-13950
PID00671,brown,dresses,12377,ecovero,floral,spring,5230-13950
PID00672,yellow,dresses,11672,ecovero,plain,winter,5230-13950
PID00673,green,dresses,5979,wool,chain_print,spring,5230-13950
PID00674,black,dresses,11595,lace,floral,autumn,5230-13950
PID00675,black,dresses,13949,wool,print,spring,5230-13950
PID00676,white,dresses,6282,silk,plain,spring,5230-13950
PID00677,black,dresses,8744,polyester,plain,autumn,5230-13950
PID00678,black,dresses,11090,leather,cable_knit,autumn,5230-13950
PID00679,yellow,dresses,8702,linen,floral,autumn,5230-13950
PID00680,white,dresses,9137,viscose,floral,spring,5230-13950
PID00681,white,dresses,13828,polyester,floral,spring,5230-13950
PID00682,black,dresses,6978,polyester,plain,autumn,5230-13950
PID00683,black,dresses,11194,wool,geomatric,spring,5230-13950
PID00684,green,dresses,9386,luxury_fabrics,plain,autumn,5230-13950
PID00685,green,dresses,9737,polyester,plain,autumn,5230-13950
PID00686,orange,dresses,11632,luxury_fabrics,floral,winter,5230-13950
PID00687,silver,dresses,8700,polyamide,animal,autumn,5230-13950
PID00688,green,dresses,12556,wool,chain_print,spring,5230-13950
PID00689,green,dresses,6884,polyster,plain,autumn,5230-13950
PID00690,white,dresses,9343,ecovero,plain,spring,5230-13950
PID00691,silver,dresses,7331,polyamide,metallic,autumn,5230-13950
PID00692,black,dresses,8976,viscose,floral,winter,5230-13950
PID00693,silver,dresses,5479,polyester,metallic,winter,5230-13950
PID00694,black,dresses,8203,polyester,metallic,autumn,5230-13950
PID00695,purple,dresses,9782,cotton,plain,autumn,5230-13950
PID00696,red,dresses,11040,cotton,plain,autumn,5230-13950
PID00697,black,dresses,5896,polyester,floral,autumn,5230-13950
PID00698,pink,dresses,6170,silk,stripe,spring,5230-13950
PID00699,white,dresses,5882,polyester,plain,autumn,5230-13950
PID00700,brown,dresses,10428,satin,plain,spring,5230-13950
PID00701,pink,dresses,12228,polyester,plain,autumn,5230-13950
PID00702,white,dresses,6589,polyester,plain,spring,5230-13950
PID00703,white,dresses,10345,polyester,plain,spring,5230-13950
PID00704,black,dresses,11428,wool,plain,autumn,5230-13950
PID00705,white,dresses,5779,viscose,plain,spring,5230-13950
PID00706,black,dresses,11044,viscose,plain,autumn,5230-13950
PID00707,white,dresses,11581,viscose,plain,spring,5230-13950
PID00708,green,dresses,9194,polyamide,plain,autumn,5230-13950
PID00709,pink,dresses,6501,polyester,metallic,spring,5230-13950
PID00710,blue,dresses,6619,cotton,acid_wash,autumn,5230-13950
PID00711,black,dresses,9196,polyamide,plain,autumn,5230-13950
PID00712,brown,dresses,6392,luxury_fabrics,animal,autumn,5230-13950
PID00713,silver,dresses,11971,polyester,metallic,winter,5230-13950
PID00714,blue,dresses,13038,velvet,plain,autumn,5230-13950
PID00715,black,dresses,9176,satin,plain,autumn,5230-13950
PID00716,black,dresses,10074,polyster,plain,winter,5230-13950
PID00717,black,dresses,7917,polyster,plain,autumn,5230-13950
PID00718,black,dresses,12197,polyster,plain,autumn,5230-13950
PID00719,white,dresses,12293,polyster,plain,autumn,5230-13950
PID00720,white,dresses,5754,cotton,plain,spring,5230-13950
PID00721,pink,dresses,12933,cotton,plain,spring,5230-13950
PID00722,white,dresses,6187,viscose,plain,spring,5230-13950
PID00723,purple,dresses,6968,cotton,plain,spring,5230-13950
PID00724,white,dresses,9253,cotton,plain,spring,5230-13950
PID00725,blue,dresses,10984,cotton,plain,spring,5230-13950
PID00726,white,dresses,8296,polyester,plain,summer,5230-13950
PID00727,purple,dresses,10147,polyester,plain,summer,5230-13950
PID00728,blue,dresses,5885,viscose,plain,spring,5230-13950
PID00729,silver,dresses,9220,polyester,plain,winter,5230-13950
PID00730,beige,dresses,12172,cotton,floral,spring,5230-13950
PID00731,black,dresses,10933,viscose,plain,autumn,5230-13950
PID00732,black,dresses,11250,viscose,plain,autumn,5230-13950
PID00733,pink,dresses,11369,cotton,cable_knit,autumn,5230-13950
PID00734,black,dresses,11826,cotton,cable_knit,autumn,5230-13950
PID00735,pink,dresses,13918,cotton,plain,autumn,5230-13950
PID00736,cream,dresses,13839,viscose,plain,spring,5230-13950
PID00737,black,dresses,11053,polyester,plain,autumn,5230-13950
PID00738,black,dresses,7083,wool,plain,autumn,5230-13950
PID00739,black,dresses,10677,modal,plain,autumn,5230-13950
PID00740,black,dresses,5403,polyamide,plain,autumn,5230-13950
PID00741,black,dresses,12148,polyamide,plain,winter,5230-13950
PID00742,black,dresses,10638,polyamide,plain,autumn,5230-13950
PID00743,black,dresses,11165,nylon,plain,autumn,5230-13950
PID00744,black,dresses,9208,elastane,plain,autumn,5230-13950
PID00745,pink,dresses,7536,cotton,floral,spring,5230-13950
PID00746,pink,dresses,8356,cotton,floral,spring,5230-13950
PID00747,blue,dresses,11848,jersey,floral,spring,5230-13950
PID00748,black,dresses,7412,jersey,plain,autumn,5230-13950
PID00749,white,dresses,9618,viscose,plain,spring,5230-13950
PID00750,blue,dresses,10911,cotton_blend,checkerboard,spring,5230-13950
PID00751,black,dresses,10919,polyamide,geomatric,autumn,5230-13950
PID00752,"black,white",dresses,13734,viscose,two_tone,autumn,5230-13950
PID00753,"black,white",dresses,8445,cotton,two_tone,autumn,5230-13950
PID00754,blue,dresses,5763,nylon,plain,autumn,5230-13950
PID00755,black,dresses,6894,polyamide,print,autumn,5230-13950
PID00756,white,dresses,11788,viscose,animal,spring,5230-13950
PID00757,black,dresses,10776,elastane,plain,autumn,5230-13950
PID00758,multi_colour,dresses,7808,viscose,floral,spring,5230-13950
PID00759,black,dresses,5380,polyamide,print,autumn,5230-13950
PID00760,white,dresses,6040,woven,plain,autumn,5230-13950
PID00761,black,dresses,9669,cotton,floral,autumn,5230-13950
PID00762,orange,dresses,9809,cotton,floral,spring,5230-13950
PID00763,white,dresses,9160,cotton,plain,spring,5230-13950
PID00764,white,dresses,11789,polyester,polka_dot,spring,5230-13950
PID00765,blue,dresses,8747,polyester,print,summer,5230-13950
PID00766,blue,dresses,8704,cotton,plain,autumn,5230-13950
PID00767,black,dresses,6079,cotton,plaid,autumn,5230-13950
PID00768,black,dresses,9508,cotton,print,winter,5230-13950
PID00769,yellow,dresses,5662,cotton,polka_dot,autumn,5230-13950
PID00770,green,dresses,13602,cotton_blend,plain,autumn,5230-13950
PID00771,yellow,dresses,6921,cotton_blend,plain,autumn,5230-13950
PID00772,green,dresses,8789,wool,cable_knit,autumn,5230-13950
PID00773,green,dresses,8907,cotton,print,autumn,5230-13950
PID00774,yellow,dresses,9403,cotton,plain,autumn,5230-13950
PID00775,blue,dresses,8345,lyocell,print,autumn,5230-13950
PID00776,black,dresses,8233,cotton_blend,plain,autumn,5230-13950
PID00777,blue,dresses,6215,cotton,checkerboard,spring,5230-13950
PID00778,brown,dresses,10143,lyocell,print,autumn,5230-13950
PID00779,black,dresses,6896,soft_cotton,stripe,autumn,5230-13950
PID00780,multi_colour,dresses,11108,viscose,floral,spring,5230-13950
PID00781,multi_colour,dresses,13333,cotton,floral,spring,5230-13950
PID00782,pink,dresses,5992,cotton,plain,spring,5230-13950
PID00783,blue,dresses,7092,cotton,plain,spring,5230-13950
PID00784,black,dresses,12794,loycell,floral,autumn,5230-13950
PID00785,green,dresses,9358,loycell,animal,autumn,5230-13950
PID00786,blue,dresses,7062,cotton,acid_wash,spring,5230-13950
PID00787,beige,dresses,6731,cotton,acid_wash,spring,5230-13950
PID00788,white,dresses,9985,cotton,acid_wash,spring,5230-13950
PID00789,pink,dresses,5463,cotton,plain,autumn,5230-13950
PID00790,black,dresses,8547,cotton,plain,autumn,5230-13950
PID00791,black,dresses,8656,cotton,plain,autumn,5230-13950
PID00792,green,dresses,12135,cotton,plain,spring,5230-13950
PID00793,pink,dresses,10499,cotton,plain,spring,5230-13950
PID00794,black,dresses,10187,jersey,plain,autumn,5230-13950
PID00795,black,dresses,5767,jersey,plain,autumn,5230-13950
PID00796,black,dresses,12177,polyester,plain,autumn,5230-13950
PID00797,pink,dresses,11620,cotton,plain,autumn,5230-13950
PID00798,green,dresses,5641,cotton,plain,autumn,5230-13950
PID00799,pink,dresses,8209,cotton_blend,plain,autumn,5230-13950
PID00800,black,dresses,13390, Acrylic,cable_knit,spring,5230-13950
PID00801,black,dresses,7178,jersey,plain,autumn,5230-13950
PID00802,green,dresses,9080,jersey,plain,autumn,5230-13950
PID00803,black,dresses,9432,jersey,plain,autumn,5230-13950
PID00804,black,dresses,10447,polyester,plain,autumn,5230-13950
PID00805,white,dresses,5803,ribbed_knit,plain,spring,5230-13950
PID00806,black,dresses,8030,polyester,plain,autumn,5230-13950
PID00807,black,dresses,13103,jersey,plain,autumn,5230-13950
PID00808,pink,dresses,11207,cotton,plain,autumn,5230-13950
PID00809,green,dresses,10240,cotton,plain,autumn,5230-13950
PID00810,white,dresses,13154,viscose,plain,spring,5230-13950
PID00811,white,dresses,10206,ribbed_knit,plain,spring,5230-13950
PID00812,green,dresses,12498,ribbed_knit,plain,spring,5230-13950
PID00813,black,dresses,11181,polyester,cable_knit,autumn,5230-13950
PID00814,red,dresses,13361,synthetic,cable_knit,autumn,5230-13950
PID00815,white,dresses,5694,viscose,cable_knit,spring,5230-13950
PID00816,black,dresses,10402,synthetic,cable_knit,autumn,5230-13950
PID00817,black,dresses,13779,jersey,plain,autumn,5230-13950
PID00818,black,dresses,11825,jersey,plain,autumn,5230-13950
PID00819,orange,dresses,6129,cotton,plain,spring,5230-13950
PID00820,orange,dresses,9241,cotton,plain,spring,5230-13950
PID00821,white,dresses,12865,cotton,plain,spring,5230-13950
PID00822,green,dresses,7024,cotton,plain,spring,5230-13950
PID00823,beige,dresses,11021,cotton,plain,spring,5230-13950
PID00824,white,dresses,13744,viscose,plain,spring,5230-13950
PID00825,beige,dresses,8046,cotton,plain,spring,5230-13950
PID00826,white,dresses,5554,cotton,plain,spring,5230-13950
PID00827,black,dresses,10008,jersey,plain,autumn,5230-13950
PID00828,"nude,beige",dresses,9959,jersey,plain,autumn,5230-13950
PID00829,black,dresses,12650,jersey,plain,autumn,5230-13950
PID00830,black,dresses,12212,jacquard,plain,autumn,5230-13950
PID00831,blue,dresses,9383,cotton,plain,autumn,5230-13950
PID00832,red,dresses,12785,polyester,plain,autumn,5230-13950
PID00833,beige,dresses,6751,wool,cable_knit,autumn,5230-13950
PID00834,blue,dresses,10947,cotton,cable_knit,autumn,5230-13950
PID00835,black,dresses,5715,ribbed_knit,cable_knit,autumn,5230-13950
PID00836,pink,dresses,6377,cotton,print,spring,5230-13950
PID00837,pink,dresses,8059,cotton,plaid,spring,5230-13950
PID00838,yellow,dresses,9607,cotton,plaid,winter,5230-13950
PID00839,black,dresses,8866,cotton,floral,autumn,5230-13950
PID00840,pink,dresses,11580,cotton,plain,autumn,5230-13950
PID00841,black,dresses,10256,lyocell,print,autumn,5230-13950
PID00842,multi_colour,dresses,10771,jersey,stripe,spring,5230-13950
PID00843,orange,dresses,5841,cotton,plain,spring,5230-13950
PID00844,multi_colour,dresses,6390,lyocell,floral,spring,5230-13950
PID00845,multi_colour,dresses,7225,cotton,floral,spring,5230-13950
PID00846,yellow,dresses,10472,cotton_blend,plain,winter,5230-13950
PID00847,white,dresses,12744,synthetic,cable_knit,autumn,5230-13950
PID00848,multi_colour,dresses,11642,cotton,floral,spring,5230-13950
PID00849,blue,dresses,10593,polyester,plain,spring,5230-13950
PID00850,white,dresses,13408,cotton,print,spring,5230-13950
PID00851,blue,dresses,9789,cotton,plain,spring,5230-13950
PID00852,blue,dresses,10070,cotton,plain,spring,5230-13950
PID00853,blue,dresses,11763,synthetic,plaid,autumn,5230-13950
PID00854,multi_colour,dresses,11238,cotton,print,autumn,5230-13950
PID00855,multi_colour,dresses,7475,cotton,print,autumn,5230-13950
PID00856,blue,dresses,7834,seersucker cotton,checkerboard,autumn,5230-13950
PID00857,black,dresses,12224,viscose,plaid,autumn,5230-13950
PID00858,white,dresses,6249,cotton,plain,autumn,5230-13950
PID00859,black,dresses,10481,cotton_blend,stripe,autumn,5230-13950
PID00860,blue,dresses,10464,cotton,plain,spring,5230-13950
PID00861,white,dresses,8680,cotton_blend,stripe,autumn,5230-13950
PID00862,blue,dresses,13749,cotton,stripe,spring,5230-13950
PID00863,cream,dresses,7840,linen,stripe,spring,5230-13950
PID00864,pink,dresses,13858,loycell ,plaid,spring,5230-13950
PID00865,yellow,dresses,12286,cotton,plaid,autumn,5230-13950
PID00866,blue,dresses,7506,elastane,stripe,autumn,5230-13950
PID00867,purple,dresses,12137,polyamide,plain,spring,5230-13950
PID00868,white,dresses,13523,polyamide,plain,spring,5230-13950
PID00869,purple,dresses,12374,cotton,floral,spring,5230-13950
PID00870,black,dresses,13864,nylon,plain,autumn,5230-13950
PID00871,white,dresses,5771,polyester,floral,summer,5230-13950
PID00872,pink,dresses,5554,polyester,metallic,spring,5230-13950
PID00873,black,dresses,12606,polyester,plain,autumn,5230-13950
PID00874,white,dresses,8320,polyester,plain,summer,5230-13950
PID00875,red,dresses,8657,cotton_blend,plain,spring,5230-13950
PID00876,cream,dresses,9336,polyester,floral,summer,5230-13950
PID00877,cream,dresses,13232,cotton,plain,spring,5230-13950
PID00878,brown,dresses,11218,polyester,metallic,autumn,5230-13950
PID00879,pink,dresses,5501,polyester,floral,summer,5230-13950
PID00880,blue,dresses,11469,polyester,floral,summer,5230-13950
PID00881,beige,dresses,7587,satin,metallic,autumn,5230-13950
PID00882,red,dresses,13505,satin,metallic,autumn,5230-13950
PID00883,green,dresses,10374,viscose,floral,spring,5230-13950
PID00884,blue,dresses,8440,viscose,floral,spring,5230-13950
PID00885,white,dresses,13447,viscose,polka_dot,spring,5230-13950
PID00886,white,dresses,6867,cotton,floral,spring,5230-13950
PID00887,brown,dresses,8351,polyester,animal,autumn,5230-13950
PID00888,black,dresses,13783,polyester,plain,autumn,5230-13950
PID00889,green,dresses,10353,polyester,plain,autumn,5230-13950
PID00890,blue,dresses,5797,rayon,floral,spring,5230-13950
PID00891,blue,dresses,13650,jersey,floral,spring,5230-13950
PID00892,multi_colour,dresses,5940,polyester,solid,spring,5230-13950
PID00893,red,dresses,7198,polyester,solid,spring,5230-13950
PID00894,white,dresses,5895,polyester,solid,spring,5230-13950
PID00895,blue,dresses,9400,polyester,print,autumn,5230-13950
PID00896,blue,dresses,9066,rayon,solid,spring,5230-13950
PID00897,pink,dresses,10954,rayon,solid,spring,5230-13950
PID00898,white,dresses,9387,rayon,solid,spring,5230-13950
PID00899,pink,dresses,10247,viscose,abstract,spring,5230-13950
PID00900,blue,dresses,9904,viscose,floral,spring,5230-13950
PID00901,blue,denim,10065,polyester,geometric,winter,6980-10470
PID00902,white,denim,10265,cotton,striped,summer,6980-10470
PID00903,red,denim,7897,polyester,floral,spring,6980-10470
PID00904,white,denim,7875,cotton,striped,spring,6980-10470
PID00905,red,denim,7878,denim,floral,spring,6980-10470
PID00906,blue,denim,7814,denim,striped,summer,6980-10470
PID00907,green,denim,10068,polyester,plaid,winter,6980-10470
PID00908,blue,denim,9958,polyester,solid,summer,6980-10470
PID00909,white,denim,9256,rayon,solid,autumn,6980-10470
PID00910,black,denim,7268,spandex,floral,spring,6980-10470
PID00911,white,denim,8281,polyester,geometric,autumn,6980-10470
PID00912,red,denim,10293,spandex,geometric,spring,6980-10470
PID00913,black,denim,7433,polyester,floral,winter,6980-10470
PID00914,white,denim,9874,rayon,solid,winter,6980-10470
PID00915,red,denim,10029,rayon,geometric,autumn,6980-10470
PID00916,green,denim,8936,spandex,geometric,autumn,6980-10470
PID00917,blue,denim,7970,rayon,geometric,winter,6980-10470
PID00918,grey,denim,8700,cotton,geometric,autumn,6980-10470
PID00919,red,denim,10322,rayon,plaid,autumn,6980-10470
PID00920,white,denim,8000,cotton,floral,autumn,6980-10470
PID00921,blue,denim,10149,cotton,geometric,winter,6980-10470
PID00922,red,denim,7599,spandex,striped,winter,6980-10470
PID00923,blue,denim,9907,rayon,striped,winter,6980-10470
PID00924,blue,denim,9270,cotton,geometric,autumn,6980-10470
PID00925,grey,denim,7335,cotton,striped,spring,6980-10470
PID00926,red,denim,10107,polyester,geometric,spring,6980-10470
PID00927,green,denim,9798,rayon,striped,autumn,6980-10470
PID00928,green,denim,8323,denim,striped,spring,6980-10470
PID00929,red,denim,9491,rayon,striped,spring,6980-10470
PID00930,grey,denim,8858,polyester,plaid,summer,6980-10470
PID00931,red,denim,9068,denim,solid,autumn,6980-10470
PID00932,white,denim,9232,polyester,geometric,autumn,6980-10470
PID00933,black,denim,7950,polyester,geometric,winter,6980-10470
PID00934,grey,denim,8563,rayon,geometric,winter,6980-10470
PID00935,green,denim,10371,spandex,floral,spring,6980-10470
PID00936,blue,denim,10317,cotton,floral,summer,6980-10470
PID00937,black,denim,8694,cotton,solid,summer,6980-10470
PID00938,blue,denim,7416,polyester,floral,spring,6980-10470
PID00939,blue,denim,9843,rayon,striped,winter,6980-10470
PID00940,blue,denim,7196,cotton,striped,spring,6980-10470
PID00941,black,denim,9027,spandex,plaid,summer,6980-10470
PID00942,blue,denim,9335,polyester,striped,autumn,6980-10470
PID00943,red,denim,7286,denim,geometric,spring,6980-10470
PID00944,grey,denim,9549,spandex,floral,winter,6980-10470
PID00945,grey,denim,8565,polyester,solid,spring,6980-10470
PID00946,grey,denim,7187,denim,plaid,summer,6980-10470
PID00947,blue,denim,10116,rayon,plaid,winter,6980-10470
PID00948,grey,denim,9658,polyester,geometric,summer,6980-10470
PID00949,white,denim,10312,polyester,solid,winter,6980-10470
PID00950,black,denim,8900,polyester,plaid,winter,6980-10470
PID00951,grey,tshirt,4935,spandex,floral,summer,2790-5230
PID00952,white,tshirt,3446,spandex,geometric,winter,2790-5230
PID00953,black,tshirt,2905,rayon,striped,spring,2790-5230
PID00954,green,tshirt,4859,denim,floral,autumn,2790-5230
PID00955,white,tshirt,3284,polyester,floral,summer,2790-5230
PID00956,white,tshirt,3450,spandex,plaid,spring,2790-5230
PID00957,red,tshirt,3919,rayon,plaid,spring,2790-5230
PID00958,grey,tshirt,3684,rayon,geometric,winter,2790-5230
PID00959,white,tshirt,4795,cotton,geometric,winter,2790-5230
PID00960,grey,tshirt,4462,rayon,floral,autumn,2790-5230
PID00961,grey,tshirt,3051,spandex,floral,winter,2790-5230
PID00962,grey,tshirt,3877,denim,striped,winter,2790-5230
PID00963,white,tshirt,3729,rayon,geometric,winter,2790-5230
PID00964,black,tshirt,3868,polyester,floral,autumn,2790-5230
PID00965,white,tshirt,3431,spandex,geometric,summer,2790-5230
PID00966,black,tshirt,5009,denim,floral,winter,2790-5230
PID00967,black,tshirt,3623,rayon,plaid,autumn,2790-5230
PID00968,black,tshirt,2994,polyester,striped,spring,2790-5230
PID00969,red,tshirt,3043,rayon,floral,winter,2790-5230
PID00970,black,tshirt,3833,spandex,striped,summer,2790-5230
PID00971,blue,tshirt,4935,denim,geometric,winter,2790-5230
PID00972,white,tshirt,3250,polyester,striped,summer,2790-5230
PID00973,blue,tshirt,4802,rayon,striped,autumn,2790-5230
PID00974,black,tshirt,3866,rayon,geometric,spring,2790-5230
PID00975,black,tshirt,3305,polyester,striped,spring,2790-5230
PID00976,white,tshirt,4936,denim,floral,spring,2790-5230
PID00977,black,tshirt,4942,polyester,geometric,spring,2790-5230
PID00978,black,tshirt,2907,cotton,plaid,winter,2790-5230
PID00979,white,tshirt,5212,rayon,solid,autumn,2790-5230
PID00980,grey,tshirt,3663,denim,plaid,summer,2790-5230
PID00981,white,tshirt,3378,spandex,plaid,summer,2790-5230
PID00982,grey,tshirt,4066,cotton,geometric,autumn,2790-5230
PID00983,white,tshirt,3622,polyester,floral,autumn,2790-5230
PID00984,white,tshirt,4268,spandex,striped,autumn,2790-5230
PID00985,blue,tshirt,3984,spandex,geometric,spring,2790-5230
PID00986,white,tshirt,3399,rayon,solid,autumn,2790-5230
PID00987,grey,tshirt,3813,spandex,striped,spring,2790-5230
PID00988,black,tshirt,3725,denim,geometric,summer,2790-5230
PID00989,blue,tshirt,4336,polyester,solid,autumn,2790-5230
PID00990,black,tshirt,4752,polyester,plaid,winter,2790-5230
PID00991,black,tshirt,3059,denim,geometric,winter,2790-5230
PID00992,red,tshirt,3213,rayon,floral,spring,2790-5230
PID00993,red,tshirt,3049,spandex,solid,winter,2790-5230
PID00994,green,tshirt,4495,cotton,floral,spring,2790-5230
PID00995,blue,tshirt,3610,cotton,solid,autumn,2790-5230
PID00996,black,tshirt,4054,spandex,striped,spring,2790-5230
PID00997,green,tshirt,4166,polyester,plaid,summer,2790-5230
PID00998,black,tshirt,5139,cotton,solid,winter,2790-5230
PID00999,white,tshirt,3569,spandex,plaid,spring,2790-5230
PID01000,green,tshirt,5070,rayon,striped,spring,2790-5230
PID01001,green,shirt,7450,cotton,striped,winter,5230-8020
PID01002,grey,shirt,5879,spandex,floral,spring,5230-8020
PID01003,white,shirt,5551,rayon,floral,summer,5230-8020
PID01004,green,shirt,7425,cotton,striped,winter,5230-8020
PID01005,white,shirt,7388,spandex,floral,winter,5230-8020
PID01006,black,shirt,5425,cotton,plaid,winter,5230-8020
PID01007,white,shirt,7679,cotton,striped,summer,5230-8020
PID01008,black,shirt,5849,cotton,solid,summer,5230-8020
PID01009,blue,shirt,5344,cotton,striped,summer,5230-8020
PID01010,blue,shirt,7957,denim,plaid,winter,5230-8020
PID01011,grey,shirt,7309,polyester,striped,spring,5230-8020
PID01012,blue,shirt,7845,spandex,striped,autumn,5230-8020
PID01013,grey,shirt,7549,polyester,floral,spring,5230-8020
PID01014,white,shirt,7363,rayon,plaid,winter,5230-8020
PID01015,black,shirt,5610,denim,solid,winter,5230-8020
PID01016,black,shirt,7630,spandex,striped,autumn,5230-8020
PID01017,black,shirt,5370,rayon,plaid,spring,5230-8020
PID01018,black,shirt,7936,spandex,plaid,winter,5230-8020
PID01019,blue,shirt,7292,rayon,geometric,spring,5230-8020
PID01020,red,shirt,5898,polyester,floral,summer,5230-8020
PID01021,green,shirt,6711,cotton,striped,autumn,5230-8020
PID01022,white,shirt,7344,polyester,geometric,autumn,5230-8020
PID01023,red,shirt,6787,spandex,striped,autumn,5230-8020
PID01024,red,shirt,6965,cotton,solid,summer,5230-8020
PID01025,white,shirt,7126,rayon,floral,autumn,5230-8020
PID01026,grey,shirt,7338,denim,plaid,summer,5230-8020
PID01027,red,shirt,7172,rayon,floral,winter,5230-8020
PID01028,grey,shirt,6505,spandex,solid,winter,5230-8020
PID01029,blue,shirt,5972,polyester,plaid,autumn,5230-8020
PID01030,green,shirt,5583,denim,striped,winter,5230-8020
PID01031,red,shirt,5483,rayon,geometric,summer,5230-8020
PID01032,grey,shirt,7092,cotton,plaid,autumn,5230-8020
PID01033,black,shirt,7915,denim,solid,spring,5230-8020
PID01034,blue,shirt,7468,rayon,solid,autumn,5230-8020
PID01035,white,shirt,5291,rayon,plaid,spring,5230-8020
PID01036,green,shirt,6804,cotton,striped,summer,5230-8020
PID01037,black,shirt,5886,rayon,geometric,winter,5230-8020
PID01038,green,shirt,5955,polyester,solid,spring,5230-8020
PID01039,red,shirt,5352,cotton,floral,autumn,5230-8020
PID01040,green,shirt,7712,denim,striped,winter,5230-8020
PID01041,green,shirt,6171,spandex,striped,summer,5230-8020
PID01042,black,shirt,5574,cotton,floral,autumn,5230-8020
PID01043,white,shirt,5314,cotton,striped,autumn,5230-8020
PID01044,green,shirt,7905,polyester,plaid,autumn,5230-8020
PID01045,green,shirt,6158,polyester,floral,summer,5230-8020
PID01046,black,shirt,6038,spandex,striped,summer,5230-8020
PID01047,grey,shirt,5903,cotton,striped,winter,5230-8020
PID01048,grey,shirt,6871,cotton,geometric,autumn,5230-8020
PID01049,white,shirt,6587,spandex,solid,summer,5230-8020
PID01050,white,shirt,6039,spandex,floral,autumn,5230-8020
PID01051,red,tops,4033,rayon,floral,spring,2790-5230
PID01052,white,tops,3693,polyester,solid,winter,2790-5230
PID01053,grey,tops,4720,spandex,solid,autumn,2790-5230
PID01054,blue,tops,4737,polyester,solid,winter,2790-5230
PID01055,green,tops,3468,rayon,solid,winter,2790-5230
PID01056,blue,tops,2994,denim,floral,spring,2790-5230
PID01057,white,tops,4847,rayon,geometric,autumn,2790-5230
PID01058,white,tops,4414,spandex,striped,spring,2790-5230
PID01059,green,tops,4372,denim,striped,summer,2790-5230
PID01060,grey,tops,4942,cotton,floral,spring,2790-5230
PID01061,white,tops,3356,spandex,striped,autumn,2790-5230
PID01062,red,tops,4301,polyester,floral,autumn,2790-5230
PID01063,green,tops,3676,spandex,plaid,spring,2790-5230
PID01064,green,tops,3196,cotton,solid,summer,2790-5230
PID01065,black,tops,4194,polyester,geometric,winter,2790-5230
PID01066,black,tops,4307,polyester,solid,summer,2790-5230
PID01067,blue,tops,4387,spandex,geometric,winter,2790-5230
PID01068,green,tops,4885,rayon,floral,winter,2790-5230
PID01069,grey,tops,4725,denim,solid,winter,2790-5230
PID01070,red,tops,5102,rayon,geometric,autumn,2790-5230
PID01071,green,tops,2962,cotton,geometric,autumn,2790-5230
PID01072,black,tops,4508,spandex,striped,spring,2790-5230
PID01073,red,tops,4936,cotton,solid,summer,2790-5230
PID01074,blue,tops,2815,polyester,striped,autumn,2790-5230
PID01075,blue,tops,3689,cotton,geometric,winter,2790-5230
PID01076,black,tops,4863,polyester,floral,spring,2790-5230
PID01077,black,tops,4354,cotton,floral,summer,2790-5230
PID01078,green,tops,4937,cotton,floral,winter,2790-5230
PID01079,red,tops,4351,polyester,plaid,autumn,2790-5230
PID01080,grey,tops,4873,cotton,geometric,autumn,2790-5230
PID01081,red,tops,4846,cotton,plaid,winter,2790-5230
PID01082,green,tops,3663,spandex,plaid,autumn,2790-5230
PID01083,grey,tops,4861,cotton,geometric,summer,2790-5230
PID01084,red,tops,5218,polyester,striped,winter,2790-5230
PID01085,white,tops,3857,denim,geometric,autumn,2790-5230
PID01086,red,tops,4248,spandex,solid,spring,2790-5230
PID01087,red,tops,4935,denim,floral,spring,2790-5230
PID01088,blue,tops,4247,spandex,plaid,summer,2790-5230
PID01089,grey,tops,5162,denim,geometric,summer,2790-5230
PID01090,red,tops,3675,denim,striped,summer,2790-5230
PID01091,blue,tops,4191,cotton,striped,autumn,2790-5230
PID01092,green,tops,4355,rayon,solid,autumn,2790-5230
PID01093,red,tops,4847,polyester,geometric,summer,2790-5230
PID01094,blue,tops,3450,spandex,solid,summer,2790-5230
PID01095,green,tops,3971,cotton,solid,spring,2790-5230
PID01096,grey,tops,4930,denim,floral,spring,2790-5230
PID01097,white,tops,4355,polyester,striped,spring,2790-5230
PID01098,white,tops,4731,denim,floral,summer,2790-5230
PID01099,black,tops,3238,spandex,floral,autumn,2790-5230
PID01100,red,tops,4692,rayon,floral,summer,2790-5230
